transcriptfile_id,transcript_filename,upload_date,e_username
1,https://docs.google.com/document/d/1DBvjBLZMOSTMxjT2YVX7Nfe1Rrb0Ikf1_Ly4AzbLOiE/edit,4/24/2021,Editor1
2,https://docs.google.com/document/d/1rVwGMxUQ7rS_m0J8uH-aJNxqGsqUeNYuNbMyi2W6rzg/edit,4/24/2021,Editor1
3,https://docs.google.com/document/d/1eZYOcmHOgDkUVcXhVeTVjGaU9Nz4WYu5FvaioPKaP1o/edit,4/24/2021,Editor1
4,https://trentonlib.org/wp-content/uploads/2021/02/JHS-12-Barker.pdf,4/24/2021,Editor1
5,https://docs.google.com/document/d/16eQLHjTPOooNTq7L9SxrGyFr2XEzQ-EvjQUejSh_srw/edit?usp=sharing,4/24/2021,Editor1
6,https://trentonlib.org/wp-content/uploads/2021/02/JHS-16-Garfing.pdf,4/24/2021,Editor1
7,https://trentonlib.org/wp-content/uploads/2021/02/JHS-17-Axelrod.pdf,4/24/2021,Editor1
8,https://trentonlib.org/wp-content/uploads/2021/02/JHS-24-Miller.pdf,4/24/2021,Editor1
9,https://trentonlib.org/wp-content/uploads/2021/02/JHS-25-Temkins.pdf,4/24/2021,Editor1
10,https://docs.google.com/document/d/138LiIbxPYwOFVqJ7rBb2CkO2aIyQiES3s1LuwyNe9w0/edit?usp=sharing,4/24/2021,Editor1